1.0,0,16.14940409757653,-7.075095663265306,6.203164859693877,235412.59765625,-55999.755859375,133049.01123046875,515.5827997984782,459.98830581576664,314.88740196727827,650.7158052076198
1.0,65.96612930297852,15.844228316326529,-0.06228077168367347,18.323003029336732,146301.26953125,5485.53466796875,106224.06005859375,386.5727687002513,561.1675362614358,391.1717730507496,618.5767007526432
1.0,168.27702522277832,10.519222337372447,2.8337751116071423,20.19142617984694,36750.79345703125,17646.78955078125,87882.99560546875,291.3264652835777,611.7533871709048,413.38438268601755,608.2762826722749
1.0,277.6989936828613,9.883958466198978,0.28649154974489793,24.059062101403057,14205.9326171875,-12016.29638671875,10070.80078125,277.1046008352842,637.6853620533096,444.02396980655084,565.1664652614205
1.0,366.40381813049316,9.83413384885204,-2.783950494260204,26.693538743622447,-3273.01025390625,-16960.14404296875,-5470.27587890625,313.4501912632892,617.8855513038076,445.3447914388198,567.1282393121603
1.0,460.125207901001,8.28334263392857,-1.8123704559948979,24.38292211415816,1014.70947265625,-17623.9013671875,-12298.583984375,325.5678686769488,593.2256803837379,484.03275723826795,554.7982921195056
1.0,569.483757019043,13.764050542091837,-1.92447584502551,29.932138871173468,-82695.00732421875,24635.31494140625,-43167.1142578125,447.51601577184397,513.964682119438,488.78367144323386,544.6652583853981
1.0,663.2814407348633,24.395378268494895,-3.5686882174744894,43.0484693877551,-228820.80078125,183547.9736328125,-36094.66552734375,494.7282461568548,322.05884249069334,480.1234109288478,648.8478825627512
1.0,757.0080757141113,22.93800821109694,-16.61028180803571,9.896414620535714,-250000.0,249992.37060546875,140708.92333984375,403.04135340207716,104.70291899132678,351.65670817984915,838.4107142651684
1.0,866.3628101348877,8.831413424744897,1.4947385204081631,-15.258789062499998,-153381.34765625,229194.64111328125,249992.37060546875,146.28541875904097,-99.86213145745643,243.67409839225806,953.5465718736477
1.0,975.6832122802734,-2.0677216198979593,14.43668287627551,-18.621950733418366,-72235.107421875,156341.552734375,204620.361328125,-103.83658862448529,-221.1798605948388,197.7972086629541,949.30168880879
1.0,1074.5971202850342,-10.463169642857142,17.37010722257653,-20.428093112244895,-18524.169921875,151367.1875,123626.708984375,-274.01109376547265,-328.94020882990276,177.78702686783885,886.0632215513087
1.0,1168.3952808380127,-13.882384008290815,4.091846699617347,-28.98547114158163,33050.537109375,37429.8095703125,-18295.2880859375,-336.51358539102716,-451.15962637981266,206.5460272048179,800.3451361868895
1.0,1262.129306793213,-10.301239636479592,2.640704719387755,-29.820033482142858,8064.27001953125,-1968.3837890625,-9445.1904296875,-328.0935943646816,-460.65384017093425,229.6585159738201,792.0919131725417
1.0,1371.4687824249268,-5.860620615433673,3.7617586096938775,-26.064502949617346,-1167.29736328125,-15243.5302734375,-8331.298828125,-334.5027170241399,-463.9086763396768,233.38985466101488,786.4005646370983
1.0,0,16.36115872130102,-13.670629384566325,6.583077566964285,239807.12890625,-118690.49072265625,130065.91796875,483.31512877393175,506.75797208298326,339.4346819078755,628.0023413544568
1.0,129.35638427734375,24.027921715561224,-1.4262296715561222,22.925552056760203,135574.3408203125,-39985.65673828125,129188.53759765625,375.00456913927394,622.0008478576318,364.947291716337,582.4946288661944
1.0,223.09112548828125,14.119050940688775,4.372110172193877,21.300023915816322,60539.24560546875,-15182.4951171875,80001.8310546875,282.1299457469184,683.880974521318,390.4216957739703,547.9784720858935
1.0,332.43346214294434,9.771853077168366,-2.2421077806122445,25.342045998086732,1449.5849609375,-14144.8974609375,31745.91064453125,269.58022961022675,676.5306040366326,393.95856490859194,560.7401276351543
1.0,400.8502960205078,6.2405333227040805,-0.7286850286989796,26.326082190688773,9086.60888671875,-11215.2099609375,8460.99853515625,244.40115133690085,658.384782121229,423.1973985460774,572.452196921465
1.0,498.25286865234375,7.39272759885204,-2.5659677933673466,23.66046516262755,-5249.0234375,-9246.826171875,-12367.24853515625,286.97206019298164,608.3105454567234,450.846649326492,586.8071367543297
1.0,638.8540267944336,7.785096460459183,-0.11210538903061223,29.90099848533163,-18623.35205078125,9315.49072265625,-14427.18505859375,285.84818179851646,585.3204240665386,496.6138141839568,573.6423430106186
1.0,736.9964122772217,21.59274354272959,-10.432029257015305,47.464176100127546,-250000.0,159965.51513671875,32264.70947265625,371.22753731068326,438.64770618947523,339.344662341494,744.7304918809856
1.0,846.2672233581543,5.349918287627551,-3.7493024553571423,-15.439403300382653,-83770.751953125,198120.1171875,238708.49609375,151.75482739077196,85.44740874205026,113.43614773289238,978.1622836167764
1.0,940.0684833526611,-4.546496332908163,10.00229193239796,-12.325364716198978,-9506.2255859375,156280.517578125,149993.896484375,-70.343915844173,-104.12016391503471,106.75944714663625,986.3129044146988
1.0,1059.859037399292,-10.463169642857142,14.467823262117346,-16.255281409438773,-46073.91357421875,164329.52880859375,102264.404296875,-215.8595396209796,-248.2955572105343,64.91972716824932,942.0930975485009
1.0,1153.820276260376,-23.106166294642858,14.038085937499998,-33.65030094068877,-8949.27978515625,115127.5634765625,51925.6591796875,-293.48410429500717,-353.65046387787515,65.01911063026805,885.7600945955797
1.0,1247.5476264953613,-15.277473294005102,5.486935985331632,-33.426090162627546,5134.58251953125,39588.92822265625,17898.5595703125,-313.5018276004605,-410.1667628992192,103.79783192208784,850.121074196035
1.0,1356.9014072418213,-12.39387356505102,4.465531329719387,-28.42494419642857,14961.24267578125,-3341.6748046875,-5950.927734375,-308.0996754979404,-419.0020362240057,141.05067563734426,842.3874349136801
1.0,1435.0001811981201,-7.772640306122448,3.699477838010204,-24.29572903380102,671.38671875,-12603.759765625,-907.89794921875,-315.34648741119776,-428.7547408533616,171.79362847520633,828.9830603145691
1.0,0,18.97072305484694,-15.177824059311224,2.6780731823979593,249992.37060546875,-198272.705078125,118080.13916015625,553.840329507084,268.1486623719303,334.70317165096066,713.6742752589703
1.0,109.30275917053223,20.69590043048469,-11.179398517219386,15.682298309948976,240264.892578125,-95184.326171875,135551.45263671875,449.72652233848703,496.6925438589757,413.9490982890332,616.1888639093748
1.0,218.69850158691406,20.683444276147956,-2.590880102040816,17.83098493303571,93780.517578125,-39688.1103515625,114257.8125,410.7668562434895,569.1769688860638,411.28188481568094,581.511288905017
1.0,281.1849117279053,15.794403698979592,-1.4698262117346939,24.82511559311224,42816.162109375,-8178.7109375,64529.4189453125,352.9209039362006,627.4262828123962,439.51137509072925,537.2269970570449
1.0,402.01354026794434,8.70685188137755,0.8158781090561223,24.414062499999996,671.38671875,-13389.58740234375,16036.9873046875,323.9329703609185,618.1680931851042,481.7543563362343,529.9512991135175
1.0,529.6638011932373,9.79053730867347,-3.3631616709183674,24.040377869897956,-8262.63427734375,-25001.52587890625,-5668.64013671875,352.7606681038883,607.6953040418672,473.8327725082773,530.8001810299993
1.0,576.6074657440186,14.804139429209183,0.30517578125,46.64829799107142,-102714.53857421875,69091.796875,-26428.22265625,394.5833101525207,478.777471418452,533.7280752675977,574.6394398945988
1.0,670.3381538391113,19.749232700892858,-16.049754862882654,30.075384646045915,-250000.0,249992.37060546875,66223.14453125,379.4746964368311,272.28827114529673,404.4144331308508,786.3250081463344
1.0,670.3381538391113,19.749232700892858,-16.049754862882654,30.075384646045915,-250000.0,249992.37060546875,66223.14453125,379.4746964368311,272.28827114529673,404.4144331308508,786.3250081463344
1.0,889.0423774719238,13.16615513392857,-15.937649473852039,-3.574916294642857,-233413.6962890625,215576.171875,197624.20654296875,211.68840276802698,25.666517404332957,162.62969927259087,963.3695194121317
1.0,1029.630184173584,2.622020487882653,0.14324577487244897,-4.515355947066326,-78033.447265625,177734.375,193435.6689453125,40.80249395503196,-149.87116062572687,110.32465855441562,981.6833814497417
1.0,1123.3546733856201,-15.040806361607142,14.816595583545917,-30.90994698660714,-55229.18701171875,153297.42431640625,75599.67041015625,-287.08460375830805,-453.06075047211993,8.913162631415394,843.9424993436937
1.0,1123.3546733856201,-15.040806361607142,14.816595583545917,-30.90994698660714,-55229.18701171875,153297.42431640625,75599.67041015625,-287.08460375830805,-453.06075047211993,8.913162631415394,843.9424993436937
1.0,1310.7950687408447,-17.76870416135204,3.985969387755102,-30.199946189413264,-11566.162109375,14503.47900390625,7621.76513671875,-359.23434786402595,-480.72012496222567,18.186540334655547,799.7050046871447
1.0,1357.6478958129883,-9.659747688137754,3.830267458545918,-24.943449059311224,-3562.92724609375,-13710.02197265625,-2815.24658203125,-349.5373021692307,-466.3392034733261,61.21779388193209,810.3109300807616
1.0,0,12.275540098852039,-5.599041374362244,20.247478874362244,86364.74609375,16731.26220703125,11085.51025390625,645.1639366564971,-360.8721866311922,614.8858538865885,274.68190046683935
1.0,93.75929832458496,9.535186144770407,-1.6442123724489797,23.087482063137756,16258.23974609375,-9422.30224609375,28472.900390625,691.4032265998463,-286.7570502993681,616.1404791230543,245.15889202095016
1.0,218.7328338623047,10.145537707270407,-3.6745655293367343,23.535903619260203,-3570.556640625,-20469.66552734375,7812.5,761.8035177193509,-201.7934625413759,585.3769054204852,190.44337075971225
1.0,312.42918968200684,9.641063456632653,-2.783950494260204,23.35528938137755,-3181.45751953125,-7247.9248046875,-1647.94921875,774.6685089007395,-169.3060990811575,590.7317355224836,149.1984007220608
1.0,406.24332427978516,12.84229512117347,-2.646932796556122,35.28205715880102,-35308.837890625,24475.09765625,297.54638671875,751.9695214215367,-171.44742377891367,622.8379055787478,131.22714317898487
1.0,475.77834129333496,21.54291892538265,-15.838000239158163,33.40117785395408,-250000.0,208244.32373046875,156997.6806640625,534.2092706578055,-291.0775273662131,689.8450526334408,392.43869784055727
1.0,595.3261852264404,15.451859454719386,-12.082469706632653,-1.4137735172193877,-236785.888671875,209396.3623046875,249992.37060546875,341.63024736696565,-317.43773315278366,697.0576893054165,544.6399153890588
1.0,673.4294891357422,2.6780731823979593,5.555444834183673,-9.765625,-74905.3955078125,154243.46923828125,234237.6708984375,69.84829722007329,-261.03788973319337,722.9731585337886,635.8382243454499
1.0,782.7472686767578,-7.149832589285714,11.503258529974488,-15.414490991709183,-39039.61181640625,157127.38037109375,161872.86376953125,-268.79958909592466,-214.3669090841134,694.929117131301,631.5592857006346
1.0,923.3710765838623,-14.125279017857142,14.959841358418366,-27.110819913903057,-35140.9912109375,164115.90576171875,113983.154296875,-461.85289520828,-218.97046471759762,617.9695757052416,597.3754617255152
1.0,1017.0979499816895,-12.773786272321429,6.788604113520408,-30.411700813137752,17669.677734375,19721.98486328125,-13854.98046875,-577.898800206781,-287.96368144704485,516.0112158789403,562.8874842934114
1.0,1095.1950550079346,-8.133868781887754,1.0525450414540816,-27.048539142219386,4615.78369140625,-7118.22509765625,-13786.31591796875,-571.9570730496899,-324.77054964511177,505.87171619264524,558.1066237090822
1.0,1204.5495510101318,-6.713867187499999,2.95833665497449,-24.81265943877551,-205.99365234375,-13366.69921875,-3219.6044921875,-575.9105794375779,-337.02762025467916,496.642525582924,555.054582415059
1.0,1302.783727645874,-6.0287786989795915,4.091846699617347,-22.5830078125,-3143.310546875,-12062.07275390625,-3662.109375,-583.145723985239,-341.9397396608924,484.36174699532455,555.3485185773069
1.0,1396.5120315551758,-6.047462930484693,3.7866709183673466,-24.027921715561224,2929.6875,-9643.5546875,-14045.71533203125,-582.3072449128755,-355.4233170964279,474.3549906615774,556.3990303915018
1.0,0,12.55580357142857,-3.33202128507653,17.762476084183675,22636.41357421875,17852.783203125,27923.583984375,810.5927207985709,-123.32478142857434,545.0757517620428,174.99389736504608
1.0,78.10425758361816,9.915098852040815,-5.462023676658163,24.401606345663264,-16738.8916015625,-15922.54638671875,17021.17919921875,777.6740705585928,-138.01995843392888,575.9903125895515,210.73369654071803
1.0,178.0543327331543,9.690888073979592,-3.699477838010204,26.805644132653057,-1083.3740234375,-2227.783203125,9696.96044921875,757.8542510851915,-109.97633262389373,617.5744595116258,179.34304372800597
1.0,287.4791622161865,8.775360730229592,-3.985969387755102,22.502042809311224,1342.7734375,-7385.25390625,-4417.41943359375,736.5445878546856,-123.57494588134632,635.9156294238256,194.5317843101572
1.0,390.7623291015625,8.713079958545919,-6.470972177933673,24.10265864158163,305.17578125,-8399.96337890625,-6416.32080078125,755.7081257651967,-130.52503710027267,600.6372881122388,226.06037129846922
1.0,500.1060962677002,7.866061463647959,-6.128427933673469,23.66046516262755,7530.21240234375,-7141.11328125,-5844.1162109375,741.4482735760176,-115.66900206646541,626.6807955257466,210.11025698739263
1.0,562.6027584075928,20.30353156887755,-12.263083944515305,48.17417689732142,-211349.4873046875,92376.708984375,61843.8720703125,677.3946766470378,-179.23337874315087,631.2288036498239,332.5087148292225
1.0,640.7091617584229,16.94659797512755,-13.527383609693876,16.89677335778061,-250000.0,219467.1630859375,164070.12939453125,475.49179908136887,-292.74811313969764,645.30677202707,521.3302803746517
1.0,749.9909400939941,9.31720344387755,-9.709572305484693,-1.92447584502551,-159751.89208984375,209335.3271484375,218513.48876953125,226.15298435127355,-339.1335823632646,647.9638619687832,643.4174963155501
1.0,859.4076633453369,-1.9680723852040818,0.031140385841836735,-15.975017936862246,-61912.53662109375,201858.5205078125,213546.7529296875,-35.75764391555268,-347.0887157797822,656.6728707462914,668.604184182072
1.0,953.1459808349609,-9.597466916454081,12.132294323979592,-18.75274035395408,-29037.4755859375,176589.9658203125,143234.2529296875,-221.2913848596943,-347.9576305143479,643.4216968295882,644.9528125395319
1.0,1031.2418937683105,-15.65115792410714,12.655452806122447,-30.517578124999996,-29327.392578125,153244.0185546875,62583.92333984375,-388.9494841138914,-377.496819799772,576.1400239920328,611.7819240571395
1.0,1130.4993629455566,-15.713438695790813,11.683872767857142,-35.630829480229586,-23315.4296875,84518.4326171875,18783.5693359375,-489.43476490622805,-392.9706592613889,500.64919196842936,596.1359395659796
1.0,1235.2395057678223,-12.319136639030612,1.9182477678571428,-30.118981186224488,-9208.67919921875,19149.7802734375,2044.677734375,-521.2830999017788,-401.31360639480715,463.02139886897936,593.9886390063361
1.0,1344.656229019165,-3.7617586096938775,1.8435108418367345,-24.252132493622447,1426.69677734375,-9101.86767578125,-2761.8408203125,-547.3220198495494,-417.765566249417,423.5640003369221,588.6459681869036
1.0,0,8.557378029336734,-6.732551419005102,22.489586654974488,102378.84521484375,-30700.68359375,20492.5537109375,755.8742008893965,-51.89504872567219,578.0274757079911,303.0599506273037
1.0,91.32981300354004,10.263871173469386,-3.94237284757653,25.024414062499996,10406.494140625,648.49853515625,10002.13623046875,754.7503139487316,66.78896813978727,603.6675020920281,247.94504279594847
1.0,185.05191802978516,9.205098054846937,-5.7734275350765305,24.07774633290816,5126.953125,3456.11572265625,1495.361328125,725.8716601254176,34.311026438888945,621.4678106092244,292.76414887765435
1.0,294.40879821777344,8.009307238520407,-1.600615832270408,22.776078204719386,-10078.43017578125,236.51123046875,-13809.2041015625,729.3202994520234,49.008778230418024,640.9099461423233,234.35972648775854
1.0,403.7489891052246,7.648078762755102,-6.863341039540816,23.809939014668366,-16883.85009765625,-5744.93408203125,-3387.451171875,721.2790271755233,6.490897956099362,629.5196171627598,288.82431477925513
1.0,501.9207000732422,6.882025271045919,-4.720882493622448,24.495027503188773,-17524.71923828125,-11024.47509765625,2044.677734375,713.1100437308012,24.09519600178256,646.9487660372861,268.9810052452092
1.0,580.1022052764893,7.455008370535714,-5.910445232780612,24.40783442283163,-7232.666015625,-5767.822265625,-1342.7734375,714.4677415081201,0.28816754694704905,627.3847280316435,309.7162674713932
1.0,673.8288402557373,9.516501913265305,-5.792111766581632,31.33345623405612,-7499.69482421875,21331.787109375,2967.83447265625,706.2012646096424,32.71491864670234,657.2854333590248,261.1232794212733
1.0,794.8510646820068,13.888612085459183,-18.572126116071427,35.90486487563775,-250000.0,156715.39306640625,110519.4091796875,579.1950172268927,-113.15757539474502,636.3319201051606,496.79994223590825
1.0,896.2662220001221,3.107810507015306,-7.8598333864795915,-4.428162866709183,-106315.61279296875,162300.10986328125,200462.34130859375,276.05319438571547,-232.00171237388832,575.8885914937821,733.7044156282102
1.0,943.1347846984863,-3.2821966677295915,4.091846699617347,-11.048608896683673,-124114.990234375,169937.1337890625,196350.09765625,-26.497562829696843,-275.3610249855878,518.9739788129422,808.789338702011
1.0,1052.4835586547852,-6.720095264668367,16.78466796875,-22.308972417091837,-78849.79248046875,161384.58251953125,149696.35009765625,-252.9324338983885,-310.34631296665657,456.02497391599826,794.8280147775066
1.0,1146.2059020996094,-13.409050143494897,17.79361647002551,-32.25521165497449,-2723.69384765625,134193.42041015625,71281.43310546875,-387.93242461871665,-366.4354727795668,406.84111568922975,741.4268573520935
1.0,1239.9356365203857,-10.463169642857142,7.666762994260203,-32.454510124362244,-13938.90380859375,81138.61083984375,24528.50341796875,-458.46039230890324,-409.37139972072856,350.3702740299038,706.7317715023629
1.0,1333.674430847168,-2.95833665497449,2.927196269132653,-26.5689772002551,4219.05517578125,-10192.87109375,-18363.95263671875,-481.4650900171107,-451.3502277860247,303.0865304648173,687.4684676573307
1.0,0,-3.7617586096938775,-3.6247409119897958,-28.75503228635204,18074.03564453125,-4524.23095703125,549.31640625,-362.8239239536959,-613.5067575776308,266.37710031717626,648.8539889990953
1.0,78.02367210388184,-10.525450414540815,-5.0198301977040805,-52.30962013711735,207420.34912109375,-11596.6796875,-59425.35400390625,-214.87009455379945,-663.6699740385477,349.3612388778501,625.5555393375141
1.0,187.45017051696777,7.878517617984693,-19.41291653380102,-32.80328244579082,249992.37060546875,-163711.5478515625,-38681.0302734375,-32.89812794693305,-628.6055787009124,439.9143681605349,640.5061188541414
1.0,281.177282333374,15.663614078443876,-3.02684550382653,7.448780293367347,249992.37060546875,-131965.63720703125,198822.021484375,58.267489039772805,-468.31750735968615,664.5750798432035,579.3302816811926
1.0,380.7191848754883,10.220274633290815,5.3686025191326525,19.17002152423469,147392.27294921875,-83206.1767578125,145462.0361328125,110.32695641665238,-311.27112057697127,785.098740366603,523.9830341312285
1.0,480.6849956512451,7.8162368463010194,3.54377590880102,24.893624441964285,40596.00830078125,-64888.00048828125,84526.06201171875,178.38071319515308,-125.74040332186043,828.3690994201968,515.920834293612
1.0,636.9662284851074,5.6737783003826525,-2.8524593431122445,28.991699218749996,-34263.61083984375,-38131.7138671875,13305.6640625,230.42870342728733,-85.22445470179424,798.9897798455889,548.8667749644704
1.0,730.6995391845703,5.486935985331632,-3.7866709183673466,25.223712531887756,1235.9619140625,-5172.7294921875,3608.70361328125,270.25851481123493,-58.646657890939814,788.0266642979415,550.0317091274899
1.0,824.4278430938721,4.627461336096939,-3.9797413105867343,26.469327965561224,-6324.76806640625,-12435.9130859375,3211.97509765625,315.8280542014085,-28.358715527163845,769.7701208647006,553.9877114674529
1.0,918.0822372436523,16.884317203443874,-1.021404655612245,52.68330476721938,-250000.0,124046.32568359375,65017.7001953125,282.06671817190426,-67.66938304978493,647.0381327594315,705.124723614611
1.0,1011.8074417114258,12.325364716198978,-16.54800103635204,8.912378427933673,-250000.0,224395.751953125,170440.673828125,58.90495696902136,-175.07486904971975,493.18046899864765,850.089419573009
1.0,1011.8074417114258,12.325364716198978,-16.54800103635204,8.912378427933673,-250000.0,224395.751953125,170440.673828125,58.90495696902136,-175.07486904971975,493.18046899864765,850.089419573009
1.0,1230.508804321289,-6.365094866071428,2.927196269132653,-18.958266900510203,-73379.5166015625,127967.83447265625,203079.2236328125,-380.8756519325348,-311.79955673443806,363.75873536323724,790.8187887450026
1.0,1292.9191589355469,-10.326151945153061,8.73176419005102,-15.58887715242347,-91247.55859375,104515.07568359375,165397.64404296875,-552.0896328681022,-288.9843760331591,280.6656116861923,730.0081383827891
1.0,1381.5758228302002,-18.908442283163264,13.47133091517857,-25.15520368303571,31074.52392578125,104133.60595703125,73356.62841796875,-602.252295416697,-340.254170231442,261.41113478683485,673.1890454507496
1.0,0,-6.010094467474489,-26.40704719387755,-4.571408641581632,172218.32275390625,-170616.14990234375,-4257.2021484375,462.99786341889245,-220.19443782632774,459.2195089417964,725.4411282985983
1.0,70.11747360229492,5.356146364795919,-20.44677734375,-2.783950494260204,200393.6767578125,-191757.2021484375,56251.52587890625,558.058610044311,-0.6815268663328267,467.3879864539691,685.6519477074694
1.0,179.4111728668213,13.502471301020407,-19.05791613520408,9.367028061224488,249992.37060546875,-146942.138671875,99113.46435546875,587.3407464569989,254.05754015123094,501.9912165267225,581.7993059240121
1.0,288.8226509094238,17.855897241709183,-3.020617426658163,20.01704001913265,90812.68310546875,29281.6162109375,56732.177734375,516.1101925675289,496.91684861017853,547.2991688205644,432.62863347628326
1.0,351.3810634613037,15.258789062499998,2.9396524234693877,19.960987324617346,32859.80224609375,18760.68115234375,25665.283203125,506.23155447503245,523.9540964309043,566.1236199413788,385.62386470696555
1.0,445.1022148132324,8.227289939413264,1.239387356505102,24.57599250637755,8117.67578125,-30433.65478515625,10322.57080078125,501.819216611996,505.97487127043297,575.3087410844564,401.48070428553496
1.0,538.8388633728027,10.089485012755102,-0.27403539540816324,26.020906409438773,-15571.59423828125,2922.05810546875,-12565.61279296875,512.590828225049,434.04373546049834,591.9956913673468,445.41865691678464
1.0,656.9828987121582,8.258430325255102,-2.7652662627551017,25.840292171556122,-34690.85693359375,2868.65234375,-30532.8369140625,582.5425035506071,349.95924950156945,591.0301069287426,434.5758483269498
1.0,749.9232292175293,10.998784279336734,-1.8808793048469388,35.811443718112244,-45684.814453125,30143.73779296875,-18280.029296875,570.8253203652072,291.12840802116204,640.5350726995545,423.22278331252306
1.0,852.365255355835,20.907655054209183,-15.744579081632654,45.4898756377551,-250000.0,226242.0654296875,97290.0390625,482.9414627869346,112.88420176805263,563.0450464978161,661.0635189803455
1.0,961.6694450378418,14.056770169005102,-8.295798788265305,1.370176977040816,-250000.0,161422.7294921875,249992.37060546875,303.3725106937724,26.168672341724875,396.3766374399839,866.1211702960503
1.0,1070.988655090332,-1.3888612085459182,4.907724808673469,-6.470972177933673,-132110.595703125,134902.9541015625,243171.69189453125,43.08584580741089,-46.98180964826209,302.6651359879364,950.9627410738226
1.0,1164.7181510925293,-14.555016342474488,14.517647879464285,-26.463099888392858,-4974.365234375,125129.69970703125,80917.3583984375,-272.2999876691521,-219.85390587920622,224.26049381087034,909.5186681430686
1.0,1258.4450244903564,-16.85317681760204,14.025629783163264,-35.29451331313775,-9559.63134765625,54008.48388671875,24497.98583984375,-331.4494072696459,-281.14855538160714,200.58965829936864,877.9866566245629
1.0,1352.1673679351807,-13.433962452168366,10.245186941964285,-28.68029536033163,-14923.095703125,1251.220703125,12504.57763671875,-382.0452773682383,-309.25635992495904,187.62393918463778,850.411175450693
1.0,0,1.4885104432397958,-28.038803411989793,-4.546496332908163,214935.302734375,-74539.1845703125,-23262.02392578125,592.1594807659799,-164.19219859255867,337.8395465136973,712.9183067306702
1.0,93.73164176940918,5.574129065688775,-24.420290577168366,2.130002391581632,249992.37060546875,-51910.400390625,49385.07080078125,620.5254634175088,53.22542328510432,464.3390052065347,629.6860263737894
1.0,234.24339294433594,14.430454799107142,-3.350705516581632,21.617655851403057,128227.23388671875,-48759.46044921875,98670.95947265625,588.8960115644003,327.3953910134647,534.9456915398742,509.7517558671162
1.0,327.97956466674805,12.481066645408161,0.809650031887755,25.429239078443874,61241.14990234375,-19989.013671875,69267.27294921875,553.731868847273,407.09761755515905,558.5434964564951,464.4154495384205
1.0,421.7066764831543,10.973871970663264,-2.9396524234693877,21.91660355548469,4043.5791015625,-17143.24951171875,12809.75341796875,589.8098997807805,391.5971012010163,558.5321935423902,432.22422563788854
1.0,515.4306888580322,9.547642299107142,-4.1977240114795915,26.089415258290813,-587.46337890625,-33515.93017578125,1701.35498046875,596.9548545529434,355.37091777609123,568.2118093572066,441.01219045697854
1.0,623.1718063354492,8.208605707908163,-2.5659677933673466,22.962920519770407,7057.18994140625,-21293.64013671875,-2365.1123046875,594.645977522434,329.73843657465665,602.5329294919235,417.8789223442251
1.0,722.8186130523682,8.762904575892856,-1.5321069834183672,26.880381058673468,-3532.40966796875,-14312.744140625,-11291.50390625,597.1523453326164,301.32517709821684,636.1928347993248,384.5398432678758
1.0,812.7667903900146,13.851243622448978,1.8808793048469388,34.21082788584184,-35675.048828125,17341.61376953125,-11734.0087890625,619.479826962938,286.7039793669928,640.7732730077545,351.3619000404416
1.0,906.4822196960449,12.512207031249998,-15.663614078443876,9.19886997767857,-239532.470703125,233070.37353515625,164329.52880859375,415.59636122546493,-60.57858024538215,510.0137528362998,750.6636211176348
1.0,1000.2150535583496,-0.3736846301020408,-6.651586415816326,-8.146324936224488,-165290.83251953125,174034.11865234375,229843.1396484375,155.50151805986187,-164.47748770750914,416.2105866123328,880.6447532974477
1.0,1109.4865798950195,-6.3837790975765305,6.321498325892857,-13.782734773596937,-107727.05078125,131843.56689453125,204109.19189453125,-131.40413600998713,-222.56725977820173,334.8152918147305,906.1431941372774
1.0,1218.904733657837,-12.55580357142857,12.449926259566325,-18.061423788265305,-46340.9423828125,122711.181640625,134101.86767578125,-256.3648753598956,-258.78383757140847,302.14807067569194,880.916862978838
1.0,1281.3377380371094,-17.936862244897956,13.128786670918366,-26.419503348214285,11260.986328125,119567.87109375,64964.29443359375,-416.6737625982486,-370.9994934599656,264.89679807174696,786.4935077837603
1.0,1421.9858646392822,-16.96528220663265,10.170450015943878,-31.426877391581627,4653.9306640625,49736.02294921875,6523.13232421875,-451.84529515687365,-403.5512744505677,251.22574977360662,754.8959006277685
1.0,0,3.338249362244898,-20.683444276147956,-31.962492028061224,243690.49072265625,-104820.25146484375,-56861.87744140625,-183.80401954613814,-740.096917064674,484.1556005579706,429.0291251166968
1.0,93.72162818908691,5.89176100127551,-17.4137037627551,-27.359943000637752,249992.37060546875,-142471.3134765625,-38070.6787109375,35.32928392288199,-715.9030016898381,538.0249316265314,443.58077823237807
1.0,203.01151275634766,15.408262914540815,-14.48027941645408,-6.844656808035714,249992.37060546875,-134445.1904296875,36941.5283203125,271.7806976047511,-631.5656224143222,595.2461833525384,415.8630762620319
1.0,312.4349117279053,16.45457987882653,8.12141262755102,19.53125,110404.96826171875,-47698.974609375,89729.30908203125,478.90214941575147,-363.4619078168564,722.696398589847,340.9664035009447
1.0,406.1703681945801,14.772999043367346,-5.262725207270408,21.368532764668366,-137.3291015625,3067.0166015625,29869.07958984375,518.714180216692,-324.55471231848196,713.020854331518,342.34646082929635
1.0,513.8726234436035,11.827118542729592,-0.13701769770408162,21.792042012117346,1831.0546875,-15426.6357421875,16532.89794921875,560.719224347461,-288.730189268887,699.1567389673095,336.7620578517293
1.0,599.2324352264404,10.151765784438775,3.163863201530612,23.18713129783163,-9048.4619140625,-6843.56689453125,7965.087890625,601.1623978122284,-253.5350644807971,685.2379165056135,323.68617566775436
1.0,702.7955055236816,10.874222735969386,1.2518435108418366,26.201520647321427,-10078.43017578125,-236.51123046875,-13771.05712890625,638.7180736362027,-234.94711827223603,669.7085490869581,297.20284875127226
1.0,796.5254783630371,22.732481664540813,-12.71773357780612,13.994489397321429,-250000.0,249992.37060546875,168006.89697265625,299.76798873271593,-413.092667482109,682.4915885438857,523.1623386392616
1.0,890.251636505127,5.910445232780612,-2.9832489636479593,-9.896414620535714,-151306.15234375,241294.86083984375,249992.37060546875,-36.775489153561566,-417.24221300970163,684.6071093837638,596.5480742249446
1.0,999.6011257171631,-5.337462133290816,12.113610092474488,-19.157565369897956,-65475.4638671875,195510.8642578125,240692.138671875,-360.5825095900048,-337.2942090298397,672.4698829993101,551.359344521885
1.0,1108.9565753936768,-14.947385204081632,21.138093909438773,-24.513711734693874,-1174.9267578125,143547.05810546875,118560.791015625,-524.6028799117548,-308.9058903924347,625.2040017807502,488.3532793239803
1.0,1202.6844024658203,-20.19142617984694,13.21597975127551,-30.075384646045915,7301.33056640625,92765.80810546875,66848.7548828125,-604.419900620909,-295.61088795077836,576.5455714170762,463.5579691233013
1.0,1280.80153465271,-19.88002232142857,13.577208227040815,-28.462312659438773,19012.451171875,25711.0595703125,15884.3994140625,-637.8167630627303,-269.2308508902148,531.1110847831552,488.4931333248935
1.0,1426.1925220489502,-13.695541693239795,7.679219148596938,-25.60362523915816,14755.2490234375,2868.65234375,-5882.26318359375,-622.5638368171215,-288.91728435523635,513.4018512632738,515.1306737205457
1.0,0,9.379484215561224,-17.332738759566325,11.752381616709183,154457.09228515625,-41473.388671875,130737.3046875,668.2374773388894,340.1703950086102,507.94990721200304,423.94535969009087
1.0,103.99007797241211,24.78774713010204,-16.36115872130102,18.976951132015305,205474.853515625,-28465.27099609375,174102.783203125,592.3050946293622,514.2028383842395,477.142206145083,396.36527470087094
1.0,197.7860927581787,25.541344467474488,-0.7598254145408163,12.119838169642856,134124.755859375,48439.02587890625,249992.37060546875,443.9545348651921,669.8117288437472,402.5942433006493,438.3771140663695
1.0,301.7282485961914,11.839574697066325,3.1950035873724487,22.06607740752551,32379.150390625,24948.1201171875,159446.71630859375,349.6569709074229,732.2894658567828,363.6144747957095,457.4676541681097
1.0,396.89040184020996,3.84895169005102,4.720882493622448,21.953972018494895,11428.8330078125,-19142.15087890625,88722.22900390625,287.4184969548881,751.7030468265165,348.71788009646133,480.34256224173464
1.0,490.6175136566162,4.708426339285714,-0.7660534917091836,26.66239835778061,-21873.47412109375,-29190.0634765625,-1365.66162109375,356.62353853029947,691.3789800357044,341.1301663628566,527.6788486647599
1.0,678.0071258544922,17.1085279815051,-2.964564732142857,59.03594347895408,-250000.0,106224.06005859375,-5111.6943359375,426.4490171444615,621.4030961194858,333.56857281440887,566.331559371538
1.0,724.8685359954834,22.43976203762755,-16.504404496173468,10.61264349489796,-250000.0,249992.37060546875,148796.08154296875,440.6868740241697,412.2746489617182,174.95841937750103,777.955168615277
1.0,834.1484069824219,7.592026068239796,1.706493144132653,-15.177824059311224,-210838.31787109375,190933.2275390625,249282.8369140625,330.1328599925229,194.71794715361634,13.737410683130696,923.5304539413746
1.0,927.9434680938721,-2.821318957270408,8.252202248086734,-13.321857063137754,-90034.48486328125,149787.90283203125,182342.529296875,130.15485057212274,-32.59221161542253,-54.67113122078398,989.4485989810706
1.0,1045.2783107757568,-7.729043765943876,12.207031249999998,-16.410983338647956,-21888.73291015625,168151.85546875,104583.740234375,-3.093545254059693,-236.1425384926806,-42.271584319477505,970.7936158891422
1.0,1152.2607803344727,-18.179757254464285,18.696687659438773,-40.78144929846938,-35560.60791015625,152976.98974609375,68267.822265625,-97.14493975120469,-400.3153202431333,-34.62975813200278,910.5554815117478
1.0,1255.5878162384033,-17.67528300382653,5.904217155612244,-38.501973054846935,-7606.50634765625,31455.99365234375,-8972.16796875,-86.79622315174481,-422.3460130407189,8.757135270601472,902.2270077408753
1.0,1364.9814128875732,-12.69904934630102,3.718162069515306,-28.18827726403061,-99.18212890625,-12619.0185546875,-6240.8447265625,-79.99083009898827,-405.2193674012584,53.03228561673815,909.1679207194142
1.0,1458.7397575378418,-7.261937978316326,4.372110172193877,-23.38020169005102,-2349.853515625,-12168.88427734375,-2014.16015625,-86.92256016926622,-415.17660262227196,112.55395467311577,898.5568788096223
1.0,0,11.07974928252551,-26.49424027423469,8.544921875,249992.37060546875,5828.857421875,89500.42724609375,716.2808097551768,89.33061650975804,484.40424887708,494.2816668664606
1.0,125.03480911254883,13.352997448979592,-2.790178571428571,18.17352917729592,127891.54052734375,-6614.68505859375,134635.92529296875,625.2793500319599,400.5936513939676,517.1790413458835,425.5306100376456
1.0,188.5697841644287,9.628607302295919,-1.7563177614795917,19.132653061224488,85678.1005859375,-1678.466796875,74234.0087890625,579.704156242699,498.06072775331734,526.5089752362771,372.3800500838106
1.0,286.44394874572754,7.529745296556122,-0.21798270089285712,24.345553651147956,37590.02685546875,-12275.69580078125,44853.21044921875,545.8366769108493,530.9886423803458,550.8278998195844,341.6167568816605
1.0,375.8542537689209,6.570621412627551,-1.9493881536989794,26.64371412627551,-213.623046875,-24223.32763671875,12374.8779296875,567.8470435044242,493.57932401689953,546.984219484014,367.0660018603858
1.0,485.20565032958984,3.556232063137755,-0.08719308035714285,26.33853834502551,-16616.8212890625,-23513.7939453125,-7232.666015625,560.202080392363,477.72530391893775,572.1853472103222,361.3254648615701
1.0,563.3151531219482,19.848881935586732,-11.515714684311224,37.37469108737245,-250000.0,249992.37060546875,74516.29638671875,522.811342969037,291.51976804539316,584.1101056150308,548.1787199628145
1.0,637.6590728759766,16.797124123086732,-12.780014349489795,-0.5231584821428571,-248481.75048828125,240127.5634765625,215744.0185546875,393.01868485833353,157.01495252095694,467.90207652464807,775.8545384419618
1.0,734.7226142883301,2.055265465561224,6.508340640943877,-11.883171237244897,-78338.623046875,154129.0283203125,192863.46435546875,185.70417428417582,72.23689753561763,416.1800434151039,887.1809070031113
1.0,828.4494876861572,-1.438685825892857,9.068080357142856,-10.11439732142857,-116722.10693359375,146095.27587890625,124511.71875,-26.29533446523509,-47.44832566224771,307.8707484607092,949.8804209054175
1.0,937.800407409668,-10.72474888392857,14.667121731505102,-25.753099091198976,-29708.8623046875,167045.59326171875,81634.521484375,-147.96199050619103,-160.29747730095923,274.7574354273984,936.4402382500194
1.0,1015.9032344818115,-18.9395826690051,13.807647082270407,-38.60162228954081,17066.95556640625,80223.08349609375,-267.02880859375,-222.96210180126624,-307.85068708029803,269.7913410298711,884.7194402350691
1.0,1177.2029399871826,-10.326151945153061,4.67105787627551,-30.268455038265305,5493.1640625,19386.29150390625,-4325.86669921875,-238.1339077982476,-346.10987046440266,279.1044672262034,863.4818445678096
1.0,1281.5699577331543,-6.396235251913264,4.241320551658163,-26.33231026785714,450.13427734375,22.88818359375,-7049.560546875,-249.51012638706575,-365.54602297135517,283.6182775409706,850.6947011500827
1.0,1375.3018379211426,-2.964564732142857,3.8925482302295915,-24.82511559311224,-5432.12890625,-10963.43994140625,-4432.67822265625,-266.42122991400527,-383.0518494737247,284.25797235405776,837.5490517092283
1.0,0,10.226502710459183,-6.539481026785714,22.36502511160714,77941.89453125,-10223.388671875,53092.95654296875,735.608018973558,282.73348472256066,573.584912769819,223.47923143163436
1.0,109.34925079345703,11.484574298469386,-5.206672512755102,26.18906449298469,34332.275390625,-20057.67822265625,43830.87158203125,719.122832127607,280.2519541946076,585.6132561542679,247.74646051814537
1.0,218.69850158691406,10.295011559311224,-1.2144750478316326,23.884675940688773,14129.638671875,-27755.7373046875,16143.798828125,720.9670941527394,300.1893844334903,587.8803488831215,210.92529013718604
1.0,281.1882495880127,9.883958466198978,0.37991270727040816,25.124063297193874,-7255.55419921875,-11749.267578125,-10215.75927734375,708.0838640492992,287.10244572054194,624.3113024140921,162.55714322144283
1.0,390.46716690063477,10.824398118622447,-5.636409837372448,24.632045200892858,-60226.4404296875,-11245.7275390625,-2754.21142578125,742.6506721374618,212.73100839264166,592.9312898858328,227.26192535563047
1.0,487.6422882080078,23.32414899553571,-6.5893056441326525,54.551727917729586,-250000.0,92872.61962890625,54603.57666015625,716.9312419063112,46.92590260879734,619.0627177310811,317.1260089592645
1.0,590.806245803833,16.043526785714285,-16.61028180803571,10.730976961096937,-250000.0,208877.5634765625,220741.27197265625,574.0611540765999,-48.74240384507483,603.9995340737523,550.6927748630225
1.0,684.532880783081,8.532465720663264,-0.43596540178571425,-7.666762994260203,-153915.4052734375,155830.38330078125,249992.37060546875,398.7554370486944,-90.32282097500088,563.7849215902514,717.6227780823965
1.0,778.261661529541,1.4324577487244898,10.930275430484693,-10.936503507653061,-44357.2998046875,133857.72705078125,195838.92822265625,184.6986860125447,-100.42230810799713,563.5906413171494,798.8537691212491
1.0,871.9236850738525,-7.704131457270408,13.122558593749998,-15.918965242346937,-51132.2021484375,133003.23486328125,133476.25732421875,-15.273909389641377,-135.30287067983642,528.4607088045476,837.9672548062647
1.0,965.7185077667236,-22.228007413903057,14.78545519770408,-35.076530612244895,122.0703125,123207.09228515625,90812.68310546875,-169.43911884041347,-188.1613880505957,504.16940642430205,825.6505838908031
1.0,1059.4444274902344,-11.266591597576529,6.8944814253826525,-23.77257055165816,4112.24365234375,-10452.2705078125,-4798.88916015625,-247.3993318786844,-225.70850499322648,456.6837433799595,824.1900265667925
1.0,1059.4444274902344,-11.266591597576529,6.8944814253826525,-23.77257055165816,4112.24365234375,-10452.2705078125,-4798.88916015625,-247.3993318786844,-225.70850499322648,456.6837433799595,824.1900265667925
1.0,1242.2308921813965,-9.572554607780612,5.711146763392857,-24.96836136798469,-4905.70068359375,-19462.58544921875,480.65185546875,-281.89533790112944,-234.03849378393193,426.919051134569,826.7412688836306
1.0,1388.3166313171387,-8.457728794642856,6.103515624999999,-20.596251195790813,14251.708984375,-8583.06884765625,-9696.96044921875,-297.87548923335737,-249.81449598631957,418.29818444602887,820.9077532818442
1.0,0,8.912378427933673,-5.56167291135204,21.49932238520408,29518.12744140625,10787.9638671875,2937.31689453125,749.193703231424,-13.384942760125778,660.3299749310996,49.93958903702145
1.0,62.55602836608887,9.634835379464285,-4.079390545280612,25.466607541454078,5439.75830078125,-13610.83984375,14816.2841796875,747.8889562213416,28.743421046685146,660.7782752954851,56.63917201203861
1.0,156.28862380981445,8.719308035714285,-1.6504404496173468,22.85704320790816,-4554.74853515625,-19119.2626953125,14648.4375,760.4057175930959,64.08422128791987,645.9180244340162,21.593122629847887
1.0,250.01239776611328,9.603694993622447,-1.3514927455357142,23.218271683673468,-3097.5341796875,-5775.45166015625,-3082.275390625,750.076531319163,19.91716210268099,657.8062945408687,65.41699076233789
1.0,359.3606948852539,8.949746890943878,-3.923688616071428,26.29494180484694,-1007.080078125,-4981.99462890625,-7202.1484375,727.906476400142,48.23967863589312,682.9177629529712,38.058166838993465
1.0,453.096866607666,19.026775749362244,-0.05605269451530612,56.270677216198976,-237991.3330078125,62889.09912109375,59700.01220703125,696.5421408967985,-49.26246760783023,693.6495063565809,176.7840987514535
1.0,562.192440032959,17.52580915178571,-16.373614875637756,14.119050940688775,-250000.0,233360.29052734375,238265.9912109375,530.8965787207351,-96.24138365701957,725.4732545111647,427.2879307485518
1.0,655.9855937957764,12.275540098852039,-5.854392538265306,-3.556232063137755,-178604.1259765625,162322.998046875,249992.37060546875,391.4139442279973,-97.53295075782803,705.5167352456331,582.6908134411389
1.0,734.0917587280273,-0.5542988679846939,12.375189333545919,-12.518435108418366,-82511.90185546875,123039.24560546875,240615.8447265625,122.10403713353321,-19.972970801630296,680.6508958503892,722.0845120421241
1.0,831.9530487060547,-19.045459980867346,18.067651865433675,-29.95082310267857,-3257.75146484375,108695.98388671875,77156.06689453125,-252.29872401836732,-61.22993612876704,599.3897007375173,757.1844130924515
1.0,937.5927448272705,-21.0758131377551,18.05519571109694,-32.56038743622449,2571.10595703125,29602.05078125,19638.0615234375,-309.1971074644552,-77.7185839047118,566.0313044353272,760.2404441035102
1.0,1021.5113162994385,-13.813875159438775,8.351851482780612,-22.825902822066322,3410.33935546875,12565.61279296875,-9437.56103515625,-338.2694501393624,-109.30670071995036,535.4931898937355,766.0762807041896
1.0,1115.238904953003,-10.245186941964285,8.974659199617346,-24.401606345663264,-1602.1728515625,-6225.5859375,-4928.5888671875,-363.06978799853573,-127.57554557329532,509.1758207667609,769.834263176737
1.0,1208.974838256836,-8.756676498724488,7.019042968749999,-22.794762436224488,-4035.94970703125,-9452.81982421875,-8964.53857421875,-381.64929898464374,-150.22245484918312,482.8217344489794,773.7313483291821
1.0,1311.664342880249,-8.955974968112246,6.271673708545919,-21.729761240433675,1754.7607421875,-11253.35693359375,-12817.3828125,-392.9489367164898,-178.88005046765122,460.66722572661183,775.4861493407974
1.0,0,4.776935188137755,-1.2456154336734693,22.15949856505102,21492.00439453125,-10108.94775390625,32279.96826171875,668.0401150794197,246.27594329709208,690.4667168955107,127.77432158824887
1.0,93.73044967651367,4.322285554846939,2.553511639030612,25.74064293686224,2525.32958984375,-15274.0478515625,12786.865234375,636.6152104770591,274.5564348793804,714.3038305873256,95.44566760124307
1.0,93.73044967651367,4.322285554846939,2.553511639030612,25.74064293686224,2525.32958984375,-15274.0478515625,12786.865234375,636.6152104770591,274.5564348793804,714.3038305873256,95.44566760124307
1.0,312.3650550842285,5.56167291135204,2.410265864158163,25.778011399872447,-19554.13818359375,-13252.25830078125,-3753.662109375,678.9308507590982,248.57689709715095,679.37677065769,125.33806128948916
1.0,312.3650550842285,5.56167291135204,2.410265864158163,25.778011399872447,-19554.13818359375,-13252.25830078125,-3753.662109375,678.9308507590982,248.57689709715095,679.37677065769,125.33806128948916
1.0,499.82357025146484,22.377481265943874,-12.381417410714285,36.241181042729586,-250000.0,249992.37060546875,151679.99267578125,643.686194152821,97.41476004594519,717.0973737149893,248.8971767483764
1.0,546.7662811279297,12.350277024872447,-13.253348214285714,-2.1113181600765305,-250000.0,184341.4306640625,249992.37060546875,497.6304961278791,45.868689701861975,666.9848436142267,552.6220869793934
1.0,650.93994140625,-3.001933195153061,2.952108577806122,-12.748873963647958,-81634.521484375,120498.6572265625,229034.423828125,293.76276867174494,59.8502689750387,630.849725662342,715.6465640787172
1.0,745.8205223083496,-6.390007174744897,14.094138632015305,-13.888612085459183,-39543.15185546875,118408.203125,177795.41015625,79.12692824408488,74.92905833835844,601.2315205551694,791.6092622841783
1.0,839.6205902099609,-8.881238042091837,16.049754862882654,-21.082041214923468,5615.234375,140121.4599609375,99449.15771484375,-101.19017218439723,22.935344524041945,578.591793397167,808.9907636297868
1.0,933.307409286499,-9.989835778061224,9.597466916454081,-32.9963528380102,20317.07763671875,33554.0771484375,-8277.89306640625,-275.95962483274826,-118.5590972981192,516.7836157361664,801.7011415837438
1.0,1027.0299911499023,-7.760184151785714,7.2494818239795915,-25.946169483418366,7316.58935546875,-1518.24951171875,-5844.1162109375,-306.92870801013584,-152.11526916424322,491.91472080620804,800.4221514553863
1.0,1137.7606391906738,-5.100795200892857,5.648865991709183,-24.15871133609694,-1472.47314453125,-15739.44091796875,-9956.35986328125,-321.0045906386784,-170.26720585086323,473.74061222402617,802.2063099541408
1.0,1215.8641815185547,-3.6621093749999996,3.898776307397959,-24.4327467315051,3196.71630859375,-12580.87158203125,-9162.90283203125,-335.72388929452325,-198.97654031237195,457.15085414959447,799.1939083304965
1.0,1310.3306293487549,-3.6185128348214284,5.810795998086735,-25.584941007653057,2311.70654296875,-7896.42333984375,-8644.10400390625,-360.9158922080813,-236.09283305853316,429.8855873522535,793.2201930843969
1.0,0,7.1996572066326525,-1.4822823660714286,25.447923309948976,-8316.0400390625,-17295.83740234375,-15357.97119140625,695.6736958317674,271.6954041896641,641.1969814216874,176.31264074280278
1.0,85.53361892700195,6.122199856505102,-2.4164939413265305,22.06607740752551,-4577.63671875,-13847.35107421875,-8003.23486328125,693.1918676717404,234.682859941908,646.9216958087358,214.24590856116893
1.0,202.73709297180176,6.701411033163264,1.3950892857142856,26.207748724489793,-5790.71044921875,-17623.9013671875,-10742.1875,701.654699670263,264.95886355343475,643.5189656352247,152.8424807534724
1.0,312.1523857116699,6.508340640943877,-3.4565828284438775,25.20502830038265,-7492.0654296875,-12199.40185546875,-8186.34033203125,699.6228478897262,235.4589554445585,647.7929600018525,188.2849754591813
1.0,390.2595043182373,14.984753667091836,-1.1459661989795917,37.01969068877551,-10444.64111328125,5615.234375,3852.84423828125,719.0389944066542,255.1033613990671,627.9724583567282,153.47895970122883
1.0,491.3060665130615,22.053621253188773,-13.222207828443878,34.87723214285714,-250000.0,249992.37060546875,188682.55615234375,637.2902649427132,167.60763028123654,638.8338424934958,397.0643803789887
1.0,569.4167613983154,11.715013153698978,-7.39272759885204,-2.422722018494898,-248336.7919921875,210548.40087890625,249992.37060546875,497.8690398095027,84.41879222408288,570.7280424780628,647.5101452855773
1.0,663.1529331207275,2.9832489636479593,5.0198301977040805,-7.342902981505102,-70068.359375,135589.599609375,237037.65869140625,269.42213042489567,78.03733359905752,523.9476057759994,804.2392657683765
1.0,772.1352577209473,-4.091846699617347,12.456154336734693,-17.37010722257653,-14045.71533203125,142295.83740234375,194839.4775390625,-113.75763602864174,25.00990838803202,471.6820387561404,874.0421952299828
1.0,928.4238815307617,-14.025629783163264,23.766342474489793,-32.741001674107146,22918.701171875,151992.7978515625,125358.58154296875,-269.5115823355923,-43.46217326001411,443.2772031752117,853.8031785064071
1.0,1006.5116882324219,-21.15055006377551,18.60949457908163,-37.40583147321428,22377.01416015625,52368.1640625,16143.798828125,-330.75436397233074,-108.81280864585102,417.31712251689305,839.4091628294753
1.0,1105.506420135498,-9.454221141581632,8.177465322066325,-23.865991709183675,1274.10888671875,-14167.78564453125,-7911.68212890625,-365.68815990954863,-170.6332997035464,372.52698653060077,835.6913850463443
1.0,1212.9251956939697,-7.442552216198979,7.5110610650510194,-22.570551658163264,-6683.349609375,-6446.83837890625,-12390.13671875,-378.42879511717484,-204.9907064378998,342.9341091446511,834.9650615956444
1.0,1330.6288719177246,-7.90965800382653,5.231584821428571,-22.663972815688773,-1853.94287109375,-4371.64306640625,-14282.2265625,-376.82443199850604,-235.72723097637677,331.71414282182735,832.1068125410304
1.0,1424.9763488769531,-6.726323341836735,7.517289142219387,-24.90608059630102,-12367.24853515625,7232.666015625,-1632.6904296875,-386.2529408756678,-250.21866876283894,319.4503459668556,828.3421756310048
1.0,0,3.581144371811224,-12.126066246811224,16.66633450255102,249992.37060546875,-19378.662109375,-25604.248046875,674.795731336957,-86.89495360259033,613.7730798637892,400.47795749871597
1.0,109.35378074645996,3.3569335937499996,-0.4048250159438775,23.841079400510203,183067.32177734375,10803.22265625,22781.3720703125,676.0830436814595,60.459272486272056,677.7882275149883,282.5942551768074
1.0,203.0773162841797,2.609564333545918,5.44333944515306,23.42379823022959,12794.49462890625,-25115.966796875,4371.64306640625,696.8226637837655,123.90581882978236,667.8660482550503,230.30515601176026
1.0,312.43109703063965,5.293865593112244,1.5196508290816326,25.43546715561224,-5439.75830078125,-30815.12451171875,-6553.64990234375,721.0885854901882,161.45225280838895,647.8200016914986,185.18549442999606
1.0,406.1627388000488,7.598254145408163,2.740353954081632,25.91502909757653,-7118.22509765625,-2120.9716796875,11672.9736328125,723.3650624029505,215.80546850360287,645.9830817369665,113.47618414595922
1.0,499.8888969421387,15.28370137117347,2.6282485650510203,49.83707350127551,-144149.7802734375,52268.98193359375,35919.189453125,698.0063115616459,167.82268133686145,669.8612029570777,189.49592455224175
1.0,499.8888969421387,15.28370137117347,2.6282485650510203,49.83707350127551,-144149.7802734375,52268.98193359375,35919.189453125,698.0063115616459,167.82268133686145,669.8612029570777,189.49592455224175
1.0,725.2945899963379,20.30353156887755,-7.448780293367347,28.81731305803571,-250000.0,247734.06982421875,141975.40283203125,533.8465939525145,29.890288651432563,686.582408767135,492.6651811739403
1.0,862.9546165466309,-0.06228077168367347,6.906937579719387,-7.791324537627551,-109939.5751953125,183639.5263671875,224632.26318359375,218.42703058298588,-59.59546959350964,593.1356021554856,772.6112669190617
1.0,912.4796390533447,-10.849310427295919,12.755102040816325,-23.293008609693874,-11314.39208984375,153846.74072265625,146591.1865234375,-25.108284550312657,-100.54707434048915,578.0946066060889,809.3617767731929
1.0,1021.9011306762695,-13.913524394132653,13.514927455357142,-30.660823899872447,-35118.10302734375,122070.3125,101646.42333984375,-214.94246039534679,-150.06094405475952,509.6597928865059,819.4683320931158
1.0,1131.2451362609863,-13.122558593749998,6.96921835140306,-27.708715322066322,16159.0576171875,9742.73681640625,-9399.4140625,-292.5371366503527,-225.85276098667768,449.95629427310257,812.9894755032961
1.0,1131.2451362609863,-13.122558593749998,6.96921835140306,-27.708715322066322,16159.0576171875,9742.73681640625,-9399.4140625,-292.5371366503527,-225.85276098667768,449.95629427310257,812.9894755032961
1.0,1319.3578720092773,-6.265445631377551,6.801060267857142,-23.66046516262755,4928.5888671875,-10520.93505859375,-4051.20849609375,-342.27501441888256,-277.76338691239556,380.29672513667055,813.0619387511828
1.0,1413.0885601043701,-8.02799147002551,4.434390943877551,-24.893624441964285,701.904296875,-10696.4111328125,-6523.13232421875,-349.0669807916018,-297.01427891954177,359.51620124947135,812.8240043687747
1.0,0,5.349918287627551,-20.51528619260204,21.586515465561224,-3334.04541015625,52955.62744140625,-134346.00830078125,784.9513332598624,-122.18253966379636,594.7353100759302,123.33994634244101
1.0,89.48469161987305,1.2082469706632653,-12.935716278698978,23.828623246173468,14251.708984375,14541.6259765625,-98686.21826171875,760.1552327107398,-132.80320455578533,633.7609360940276,53.613495720919445
1.0,192.3975944519043,2.4912308673469385,-8.457728794642856,28.63047074298469,-27679.443359375,-6774.90234375,-65338.134765625,746.6160571137651,-143.9920839675625,649.1245156149901,21.635763036645255
1.0,270.5073356628418,8.059131855867346,1.6068439094387754,23.30546476403061,-7339.4775390625,-21453.857421875,-15594.482421875,751.1765294287856,-78.72875524657516,654.7830426827477,-28.191696433042335
1.0,270.5073356628418,8.059131855867346,1.6068439094387754,23.30546476403061,-7339.4775390625,-21453.857421875,-15594.482421875,751.1765294287856,-78.72875524657516,654.7830426827477,-28.191696433042335
1.0,457.9510688781738,9.472905373086734,-13.209751674107142,26.774503746811224,-21064.75830078125,-8140.56396484375,-8857.72705078125,754.8887333266804,-114.31751182582506,642.7810913148425,62.50580320652066
1.0,598.5443592071533,17.451072225765305,-6.788604113520408,52.52137476084183,-145980.8349609375,78491.2109375,60241.69921875,713.6137051226377,-71.6219352265493,688.4786163334528,107.80989336382527
1.0,692.2688484191895,18.260722257653057,-16.722387197066325,22.46467434630102,-250000.0,225059.50927734375,205848.69384765625,514.4443698949132,-126.02682791923525,741.9214433673552,411.11652946547974
1.0,817.2516822814941,15.003437898596937,-4.029565927933673,-3.182547433035714,-165084.8388671875,200096.13037109375,249992.37060546875,343.1959709263157,-120.09617669459006,743.267173234545,561.5579605661505
1.0,901.0107517242432,6.520796795280612,9.983607700892856,-6.352638711734693,-95214.84375,171638.48876953125,249992.37060546875,64.78753345024793,-51.76205666465283,729.5904671682788,678.8379889314169
1.0,1010.4272365570068,-22.81344666772959,19.493881536989793,-44.35013751594388,-6576.5380859375,153686.5234375,68466.1865234375,-284.5030982573114,-117.9388816358245,651.4224813580585,693.3953836461499
1.0,1104.0844917297363,-19.649583466198976,7.11246412627551,-35.69311025191326,7148.74267578125,41900.634765625,-549.31640625,-347.6744696608416,-173.65795407915786,591.5047392887021,706.461266829327
1.0,1225.4054546356201,-11.727469308035714,7.342902981505102,-25.01818598533163,12420.654296875,-617.98095703125,10459.89990234375,-380.6568202399391,-184.5720859297163,558.6074064408093,713.4362590798451
1.0,1319.1335201263428,-7.430096061862244,4.571408641581632,-21.00107621173469,19432.06787109375,-8781.43310546875,-1464.84375,-398.99243484743096,-208.59729631145015,532.8820458805712,716.4697691348938
1.0,1412.8613471984863,-7.772640306122448,5.412199059311224,-21.24397122130102,8560.1806640625,411.9873046875,4211.42578125,-437.22082432917404,-237.05862476843546,480.64819788404935,722.2315896349529
1.0,0,3.811583227040816,-29.334243463010203,9.030711894132653,249992.37060546875,30090.33203125,-76591.49169921875,731.2176142937517,-102.19472272263836,583.1764490022637,338.79531951210237
1.0,140.5940055847168,3.842723612882653,-22.81344666772959,12.53711933992347,193824.76806640625,-26397.705078125,5752.5634765625,748.4295215304,24.90248269260786,596.9117971719137,287.9746934272471
1.0,234.32087898254395,8.899922273596937,-14.517647879464285,18.39773995535714,156158.447265625,-30937.19482421875,59501.64794921875,761.9547112725455,154.74495478105598,576.5697749346857,251.0902458701772
1.0,328.0484676361084,15.258789062499998,-2.478774713010204,22.02248086734694,132133.48388671875,14335.63232421875,90728.759765625,727.1196490608014,300.84871796455013,587.286398650617,189.42478931959153
1.0,430.1750659942627,10.992556202168366,2.7964066485969385,22.302744339923468,44883.72802734375,3997.802734375,30578.61328125,699.8514987462454,340.43717964647027,612.7933938412243,137.09362815807654
1.0,523.8745212554932,6.9941306600765305,1.326580436862245,22.93178013392857,-6546.0205078125,-8056.640625,-6919.86083984375,704.1033708096058,299.54226991728336,618.4066581300631,179.12586895185956
1.0,586.3587856292725,24.08397441007653,7.081323740433673,54.632692920918366,-180328.369140625,86585.99853515625,19447.32666015625,693.598065873905,188.98419626269938,647.2660635153787,253.48242463773533
1.0,690.4609203338623,23.61064054528061,-11.422293526785714,15.208964445153061,-250000.0,249992.37060546875,180793.76220703125,555.7188134445272,66.70162967473247,639.0450908309216,527.5877793006963
1.0,799.7431755065918,7.610710299744897,1.7874581473214286,-13.085190130739795,-160728.45458984375,228332.51953125,249992.37060546875,314.1171496482292,-12.360362143363723,587.402552046067,745.7451840906009
1.0,909.1596603393555,-10.58150310905612,13.47133091517857,-19.263442681760203,-76820.37353515625,173736.572265625,194068.90869140625,62.32738224430958,-50.19010468895474,551.9451189711262,830.0318285811892
1.0,1002.8219223022461,-17.32028260522959,14.237384406887754,-21.044672751913264,-48393.24951171875,119804.38232421875,94902.03857421875,-103.43852039209686,-95.0013883228481,498.71243101225144,855.3134629302145
1.0,1096.616506576538,-23.367745535714285,10.967643893494897,-27.590381855867346,-10398.86474609375,59112.548828125,42945.86181640625,-208.76486670411555,-135.25970874474197,456.92335707385064,854.0158589749157
1.0,1205.967903137207,-20.714584661989793,8.538693797831632,-26.301169882015305,3601.07421875,16387.939453125,6996.15478515625,-241.73802527105127,-155.60342552028737,439.4486560503798,851.0200819016668
1.0,1284.0642929077148,-12.630540497448978,5.648865991709183,-21.9913404815051,1495.361328125,-7095.3369140625,5088.80615234375,-289.261102306006,-199.91389446309222,418.00952897838164,837.6338598555967
1.0,1362.1783256530762,-12.169662786989795,6.3837790975765305,-21.175462372448976,3860.4736328125,-8033.75244140625,1785.2783203125,-311.18106329854174,-210.0275002819642,406.39703983750275,833.0043463158001
1.0,0,7.498604910714285,-0.7847377232142856,24.656957509566322,28282.16552734375,19470.21484375,-3654.47998046875,721.6379418090655,213.08857610395037,653.8420098557372,79.51456359294909
1.0,109.34925079345703,7.567113759566326,-3.4814951371173466,27.521873007015305,9651.18408203125,-6164.55078125,25054.931640625,713.1037297756857,197.07155508637635,657.9445659209186,140.55184428166214
1.0,218.70684623718262,4.8828125,0.6726323341836734,27.889329559948976,-8682.2509765625,-2418.51806640625,3440.85693359375,664.8002587309743,205.88122846042117,706.9454396766587,126.02254194878554
1.0,281.1849117279053,19.686951929209183,2.4040377869897958,58.13910036670918,-236106.87255859375,72570.80078125,53146.3623046875,681.5110093779032,99.48956480257768,665.245515503073,288.2585205941979
1.0,387.5772953033447,19.743004623724488,-9.55387037627551,11.889399314413264,-250000.0,249992.37060546875,242721.5576171875,540.3979080267046,35.50780305871043,661.7274329587693,518.4844273380854
1.0,473.09136390686035,-12.150978555484693,13.907296316964285,-14.78545519770408,-81253.0517578125,103851.318359375,218688.96484375,49.19531132251314,8.446620527781889,525.6629898316196,849.2272352361427
1.0,473.09136390686035,-12.150978555484693,13.907296316964285,-14.78545519770408,-81253.0517578125,103851.318359375,218688.96484375,49.19531132251314,8.446620527781889,525.6629898316196,849.2272352361427
1.0,660.5455875396729,-10.344836176658161,5.785883689413264,-15.426947146045917,40168.76220703125,104972.83935546875,71800.23193359375,-257.6594271007895,-64.22523726858226,514.7198393927159,815.1995004043022
1.0,723.0260372161865,-16.89677335778061,12.823610889668366,-30.903718909438773,7835.38818359375,81848.14453125,42503.35693359375,-362.6919445756758,-132.70025486788344,469.22465738321404,794.1494926029474
1.0,832.3814868927002,-16.927913743622447,13.851243622448978,-32.678720902423464,2075.1953125,22483.82568359375,-2342.22412109375,-398.49390091976863,-171.12627386640926,435.0814051319009,789.0643701440301
1.0,941.735029220581,-9.83413384885204,8.563606106505102,-23.16221898915816,-404.35791015625,-10803.22265625,-6912.2314453125,-415.27637420649467,-196.50551398406884,413.60248893846136,786.0433176000378
1.0,941.735029220581,-9.83413384885204,8.563606106505102,-23.16221898915816,-404.35791015625,-10803.22265625,-6912.2314453125,-415.27637420649467,-196.50551398406884,413.60248893846136,786.0433176000378
1.0,1160.5684757232666,-7.317990672831632,5.28140943877551,-21.486866230867346,-2929.6875,411.9873046875,-5989.07470703125,-425.21524354108624,-239.12579994242668,399.5154188584923,776.1432075052336
1.0,1223.1323719024658,-7.019042968749999,6.6391302614795915,-22.707569355867346,-4898.0712890625,6546.0205078125,-5012.51220703125,-438.26126574883665,-260.88356552438876,382.88175957690936,770.2391747806645
1.0,1327.4483680725098,-6.720095264668367,8.94351881377551,-22.88195551658163,-1441.95556640625,-6042.48046875,-4074.0966796875,-453.4366010441076,-265.53015058295273,368.17823953425636,767.0291858191688
